Name,main-position,Acceleration,Agility,Balance,Endurance,Speed,SlapshotAccuracy,SlapshotPower,WristshotAccuracy,WristshotPower,Deking,OffensiveAwareness,HandEye,Passing,PuckControl,BodyChecking,Strength,Durability,FightingSkill,DefensiveAwareness,ShotBlocking,StickChecking,Faceoffs,Discipline
Trevor Zegras,C,87,88,82,81,88,82,82,84,82,91,85,90,86,91,76,82,83,65,81,73,81,80,83
John Klingberg,D,87,85,80,83,87,79,85,80,85,85,85,80,86,85,78,80,78,65,81,80,84,50,79
Cam Fowler,D,85,82,82,86,86,77,83,78,82,81,83,79,84,84,77,82,72,70,82,80,81,49,84
Troy Terry,W,85,83,79,78,85,84,82,86,82,83,84,83,82,83,78,79,79,70,81,74,82,64,78
Ryan Strome,W,86,84,80,80,86,82,83,82,82,84,84,82,84,84,80,80,80,65,82,70,80,76,75
Adam Henrique,C,83,81,80,81,83,80,82,80,82,80,82,80,81,81,79,80,85,70,82,78,82,78,80
Maxime Comtois,W,82,79,82,78,82,79,83,79,82,77,79,79,79,79,82,83,80,80,79,75,80,65,70
Jakob Silfverberg,W,85,83,80,81,85,80,80,80,80,80,81,80,80,80,77,80,80,65,82,75,83,60,83
Jamie Drysdale,D,87,84,77,77,87,76,82,78,82,84,82,79,83,83,74,77,79,65,81,80,81,49,79
Frank Vatrano,W,83,81,80,80,83,80,82,81,81,81,80,81,80,80,80,80,80,70,80,75,80,60,75
Max Jones,W,84,79,84,78,85,80,83,80,84,80,80,80,78,80,84,84,80,80,77,72,82,60,70
Kevin Shattenkirk,D,85,82,80,83,86,76,82,77,82,81,82,76,83,83,78,79,77,65,80,79,81,49,79
Isac Lundestrom,C,84,81,79,77,84,78,81,79,80,81,78,79,78,78,74,79,79,65,78,74,79,75,79
Derek Grant,C,81,79,82,79,82,77,82,78,82,78,78,78,78,78,79,82,82,70,78,76,80,76,80
Sam Carrick,C,83,80,81,78,83,77,82,77,82,79,77,78,77,77,80,82,80,80,77,75,79,74,70
Mason McTavish,C,81,78,80,75,81,78,81,78,82,78,78,78,78,78,80,80,80,75,75,75,80,73,72
Clayton Keller,W,88,87,79,80,87,84,82,83,82,89,88,87,88,87,73,78,80,65,82,75,83,68,85
Shayne Gostisbehere,D,84,85,81,80,84,83,84,81,83,87,85,83,87,87,76,80,80,70,79,79,85,50,80
Jakob Chychrun,D,85,81,82,83,85,76,83,77,82,79,83,76,82,81,82,82,71,80,83,82,84,49,69
Nick Schmaltz,C,85,82,79,79,85,82,82,82,81,83,83,82,83,83,77,79,79,70,81,76,81,77,79
Lawson Crouse,W,84,79,84,78,84,79,83,80,82,78,79,79,78,78,83,84,79,80,78,71,80,61,69
Barrett Hayton,C,83,80,79,77,83,78,81,79,81,79,78,79,78,78,79,79,79,75,78,77,79,75,74
Christian Fischer,W,81,79,83,80,81,77,81,78,81,79,76,78,77,77,80,83,80,75,76,76,81,60,78
Nick Bjugstad,C,82,79,83,79,82,76,83,77,82,78,76,77,76,76,82,83,76,80,75,76,80,75,79
Nick Ritchie,W,81,78,84,80,81,76,83,76,83,77,74,79,76,76,84,84,77,80,74,72,80,59,69
Travis Boyd,C,83,81,80,79,83,78,81,78,81,79,78,78,79,79,78,80,80,70,78,75,80,74,75
Troy Stecher,D,85,83,80,82,84,70,82,70,82,80,76,72,77,76,80,80,82,65,80,80,80,50,77
Zack Kassian,W,81,76,85,80,82,75,83,76,82,74,74,75,76,76,85,86,83,88,74,74,80,59,59
Andrew Ladd,W,80,78,83,81,80,76,83,76,83,75,75,76,76,76,83,83,60,85,75,75,83,60,70
Janis Jerome Moser,D,85,82,80,69,85,72,82,73,82,77,76,73,79,79,80,80,63,80,77,79,79,55,78
Dysin Mayo,D,81,77,82,77,82,70,82,70,82,73,71,70,74,73,82,82,80,77,77,82,81,55,75
Patrik Nemeth,D,81,76,85,82,81,69,82,69,82,69,73,65,73,73,83,85,75,80,79,82,83,50,65
Brad Marchand,W,86,83,81,81,86,88,82,88,82,86,87,87,87,87,82,81,82,80,85,79,86,68,64
David Pastrnak,W,89,83,81,82,89,89,86,90,89,90,90,90,90,91,75,81,77,65,82,76,85,60,78
Patrice Bergeron,C,86,82,82,81,86,81,82,81,82,84,85,84,84,84,78,82,74,70,90,82,87,87,81
Charlie McAvoy,D,85,82,82,84,86,77,83,78,82,80,85,76,85,85,81,83,79,75,88,85,86,49,74
Taylor Hall,W,89,85,82,80,90,82,85,82,85,84,84,84,82,83,80,83,75,70,81,75,81,65,79
Charlie Coyle,C,82,80,85,80,82,80,84,80,83,80,80,80,80,80,82,85,80,80,80,77,81,76,75
Hampus Lindholm,D,85,83,82,85,85,76,82,77,82,80,81,75,84,83,79,82,80,70,84,85,85,50,78
Matt Grzelcyk,D,87,85,78,80,87,77,82,79,82,85,83,75,83,83,76,79,77,65,83,82,84,50,85
Pavel Zacha,C,82,80,84,83,82,80,83,80,83,80,80,80,80,80,82,84,80,75,82,79,83,76,75
Brandon Carlo,D,81,79,86,83,82,71,83,71,83,73,75,70,77,75,85,86,80,80,84,85,87,50,70
Craig Smith,W,84,82,81,80,84,80,82,80,82,80,79,80,80,80,80,81,80,70,79,78,80,66,80
Jake DeBrusk,W,84,82,81,78,84,80,83,82,82,82,82,82,82,82,80,80,77,70,78,77,80,60,75
Mike Reilly,D,84,82,80,80,84,72,82,72,81,78,78,72,80,79,79,80,80,70,81,80,81,50,75
Nick Foligno,W,82,80,83,80,82,75,82,76,82,77,75,76,76,76,83,83,80,80,79,80,82,75,70
Tomas Nosek,C,82,80,82,79,83,76,82,76,82,78,76,78,76,76,82,82,80,70,77,78,81,76,82
Trent Frederic,C,83,79,84,77,83,75,81,76,81,77,76,77,76,76,83,83,79,80,77,74,80,75,61
Anton Stralman,D,84,79,80,80,84,73,82,73,82,75,77,73,78,77,79,80,74,70,81,82,82,50,85
Chris Wagner,W,82,80,80,80,82,76,81,76,80,76,73,76,76,77,80,80,83,67,76,70,77,72,77
Connor Clifton,D,84,81,80,80,83,71,82,72,80,80,75,72,78,76,79,80,80,70,79,82,82,50,75
Derek Forbort,D,80,78,83,83,81,70,82,72,82,70,75,70,77,75,83,83,80,80,81,84,83,50,70
Jack Studnicka,C,82,81,79,75,82,76,81,77,81,77,78,77,77,78,75,80,80,70,76,67,80,73,80
Jakub Zboril,D,84,80,81,80,84,69,82,72,81,74,74,72,76,75,80,80,80,70,77,79,80,50,77
Alex Tuch,W,83,80,85,80,83,82,83,82,83,82,83,82,82,82,82,85,80,70,83,78,82,65,80
Rasmus Dahlin,D,85,82,81,82,85,79,83,78,83,79,85,79,85,85,79,82,79,70,84,83,85,49,74
Tage Thompson,C,84,80,84,77,84,83,85,85,85,85,85,82,82,82,81,84,79,75,81,74,83,78,74
Dylan Cozens,C,85,82,80,78,85,81,82,81,81,82,81,81,81,81,79,80,79,70,81,74,81,77,79
Jeff Skinner,W,89,92,79,79,88,83,84,84,83,84,83,84,82,84,74,79,79,65,80,71,79,72,79
Victor Olofsson,W,86,83,80,82,86,83,85,83,85,83,83,83,82,83,75,79,78,69,81,70,83,65,75
Henri Jokiharju,D,84,82,80,80,84,73,82,74,82,82,79,74,80,79,80,81,80,65,82,82,82,50,79
Kyle Okposo,W,82,79,82,79,82,79,82,79,81,79,79,79,79,79,81,82,74,80,79,74,81,64,78
Rasmus Asplund,C,85,82,80,79,85,80,82,80,82,83,80,80,80,80,77,80,80,60,79,72,81,75,85
Casey Mittelstadt,C,85,82,79,79,85,78,81,78,81,81,80,79,80,80,74,79,79,65,76,69,76,75,79
Ilya Lyubushkin,D,82,80,82,80,82,70,82,71,82,75,75,70,77,75,80,82,80,70,82,82,82,50,80
Riley Sheahan,C,82,79,84,80,82,76,82,76,82,78,75,78,75,76,82,83,85,75,77,79,82,75,85
Zemgus Girgensons,C,83,79,82,80,84,77,82,77,82,78,77,78,78,78,81,81,75,75,78,77,80,74,80
Anders Bjork,W,82,80,80,78,83,77,81,77,80,80,77,77,76,76,77,80,80,67,77,75,78,60,80
Mattias Samuelsson,D,80,78,85,80,82,70,83,71,82,73,71,69,74,75,85,85,80,80,76,83,83,55,75
Vinnie Hinostroza,W,85,83,77,79,85,79,81,79,81,82,78,79,79,79,75,76,80,65,78,73,77,67,82
Jonathan Huberdeau,W,88,87,83,83,88,83,83,84,84,89,87,89,90,90,75,83,80,65,81,79,87,67,77
Elias Lindholm,C,86,83,79,81,86,83,81,83,81,84,85,83,85,85,76,80,79,65,86,79,86,80,82
Nazem Kadri,C,86,84,82,80,86,83,84,83,83,83,85,84,84,85,82,83,81,75,83,81,84,80,70
Andrew Mangiapane,W,86,83,80,79,86,81,83,83,82,82,82,83,80,81,79,79,79,70,81,76,82,59,79
Blake Coleman,C,84,80,83,80,84,80,83,80,82,82,80,80,80,80,83,83,80,75,82,79,82,76,72
MacKenzie Weegar,D,85,82,81,81,85,76,82,76,81,82,82,77,82,82,80,82,79,70,84,82,83,49,74
Noah Hanifin,D,84,82,83,86,84,76,83,75,82,80,83,76,83,83,82,83,84,75,83,84,84,50,78
Rasmus Andersson,D,85,83,82,82,85,72,82,74,82,80,83,74,82,82,82,83,80,75,84,83,84,50,75
Tyler Toffoli,W,85,83,80,82,85,84,84,85,84,84,83,85,82,83,77,80,80,65,82,72,82,65,85
Christopher Tanev,D,82,80,83,82,83,72,83,72,83,75,77,70,79,77,82,83,75,75,84,85,85,50,85
Dillon Dube,W,84,82,80,79,84,79,82,79,82,82,79,79,79,79,80,80,80,70,80,78,80,55,79
Mikael Backlund,C,84,81,79,79,84,79,80,79,80,79,79,79,79,79,79,79,79,70,82,81,84,76,79
Milan Lucic,W,80,78,89,78,80,77,83,77,83,75,76,77,77,77,90,88,80,90,76,75,81,60,65
Oliver Kylington,D,86,83,79,79,86,74,81,76,82,82,81,74,81,82,77,79,79,65,80,79,81,49,79
Adam Ruzicka,C,82,80,83,77,82,77,83,77,82,79,77,79,77,77,80,82,80,70,77,70,80,74,75
Juuso Valimaki,D,84,82,80,83,84,73,82,75,82,80,78,73,78,78,80,80,80,70,80,82,80,50,77
Nikita Zadorov,D,81,79,85,84,81,69,83,70,82,70,75,70,76,75,86,85,80,87,81,85,83,50,65
Brett Ritchie,W,81,79,84,78,81,75,82,76,82,75,73,75,75,75,83,84,80,80,73,72,82,60,70
Kevin Rooney,C,81,79,82,80,81,75,82,76,82,76,72,76,75,76,83,82,80,75,74,76,80,73,65
Trevor Lewis,C,86,82,80,78,85,75,81,76,80,78,75,77,75,75,80,80,65,70,80,80,80,73,82
Nicolas Meloche,D,81,79,82,77,81,69,82,70,82,72,73,70,75,73,82,82,80,80,76,82,82,50,65
Andrei Svechnikov,W,85,84,83,80,85,87,88,87,87,84,87,86,86,87,80,83,80,75,81,75,83,60,75
Sebastian Aho,C,86,83,79,83,86,86,83,85,82,86,86,85,87,86,76,78,83,65,84,81,86,79,79
Brent Burns,D,82,79,85,82,82,80,86,80,86,79,85,79,84,83,84,85,79,80,79,82,84,49,74
Max Pacioretty,W,85,82,81,81,85,83,84,85,84,82,85,84,83,83,79,81,74,75,80,74,85,61,77
Teuvo Teravainen,W,89,87,78,82,88,84,83,84,82,88,86,86,87,87,73,78,85,60,82,75,81,60,82
Brett Pesce,D,83,82,83,85,83,76,82,76,82,78,80,72,83,81,81,82,80,65,85,85,85,50,78
Jaccob Slavin,D,84,81,81,84,84,74,81,74,81,79,82,74,82,82,81,81,84,75,88,84,84,49,84
Jordan Staal,C,82,80,85,83,81,77,80,79,81,80,79,80,79,79,83,84,74,75,85,82,84,86,75
Martin Necas,C,87,84,80,79,87,81,81,82,81,83,82,81,82,82,77,80,79,70,81,71,80,77,76
Brady Skjei,D,85,82,83,83,86,73,83,75,83,78,80,72,81,81,80,83,82,80,81,83,82,50,75
Ethan Bear,D,84,81,81,82,84,75,82,75,82,80,80,75,80,80,80,81,80,75,82,82,82,50,80
Jesperi Kotkaniemi,C,84,81,81,79,84,80,81,80,81,82,81,80,81,81,75,81,79,65,80,74,81,76,79
Ondrej Kase,W,85,83,80,79,85,81,83,81,82,82,81,81,80,80,77,80,60,65,79,75,80,62,80
Calvin de Haan,D,85,83,80,84,85,73,82,73,82,80,78,73,79,78,79,80,76,67,81,83,82,50,75
Jake Gardiner,D,87,82,82,82,87,73,83,73,82,78,80,73,78,78,80,82,75,70,79,82,82,50,80
Jesper Fast,W,86,84,80,79,86,79,82,80,82,83,80,80,80,80,70,80,75,67,77,75,79,60,83
Patrick Kane,W,90,91,79,83,89,90,84,92,84,91,90,91,91,91,70,79,80,65,79,74,86,60,65
Jonathan Toews,C,87,84,81,82,86,82,81,82,81,81,84,83,83,80,79,81,69,75,87,79,84,86,79
Max Domi,C,85,83,82,80,85,80,82,80,82,83,82,81,82,82,80,82,80,85,81,75,82,76,70
Seth Jones,D,85,82,82,82,85,75,83,76,83,79,84,76,84,84,79,82,81,75,82,83,83,49,77
Andreas Athanasiou,W,89,85,82,80,90,80,82,80,82,80,79,80,79,79,78,82,80,70,78,75,79,67,75
Taylor Raddysh,W,84,80,83,78,82,80,83,80,82,80,79,80,78,78,82,83,80,75,78,70,82,62,75
Tyler Johnson,C,88,87,78,80,88,80,82,80,80,84,80,80,80,80,75,80,80,65,79,75,80,75,80
Caleb Jones,D,84,82,80,82,84,72,82,72,82,79,76,75,78,77,80,82,80,70,79,81,82,50,75
Colin Blackwell,C,84,82,80,77,84,80,82,80,82,80,77,79,77,77,79,80,80,65,78,67,81,74,80
Connor Murphy,D,82,79,83,82,82,71,82,72,82,70,76,70,77,76,82,83,75,77,82,82,82,50,75
Jake McCabe,D,82,80,81,85,82,74,82,75,82,75,79,74,80,79,81,81,72,65,82,82,83,50,77
Jujhar Khaira,C,80,78,84,80,81,75,83,75,82,75,75,75,75,75,84,85,80,75,77,80,80,74,70
Lukas Reichel,C,84,82,80,65,84,78,82,79,82,82,79,79,78,78,75,79,80,75,78,75,79,74,75
Philipp Kurashev,C,84,82,78,78,84,78,82,78,82,82,79,80,80,80,75,79,80,65,78,70,79,74,82
Boris Katchouk,W,82,79,81,77,82,76,81,77,81,76,75,75,76,76,81,80,80,75,75,73,78,65,75
Jack Johnson,D,80,78,82,80,80,72,82,72,82,70,74,70,76,76,80,82,75,75,81,81,81,50,70
Sam Lafferty,C,83,81,80,79,83,76,81,76,81,77,76,77,76,76,80,80,80,70,76,70,80,73,80
Nathan MacKinnon,C,92,90,85,83,92,87,87,89,86,89,91,89,89,90,81,84,80,70,85,78,88,82,80
Cale Makar,D,93,91,81,85,93,82,86,83,85,92,90,87,91,92,77,80,80,65,85,84,90,55,80
Gabriel Landeskog,W,85,82,84,83,84,84,85,84,85,84,86,84,86,86,84,86,80,80,85,80,84,79,75
Mikko Rantanen,W,85,85,83,84,85,86,86,87,84,86,88,86,87,87,78,83,80,80,83,79,86,59,77
Samuel Girard,D,89,87,81,83,89,81,83,81,82,85,86,81,87,87,73,78,80,65,84,80,84,55,90
Valeri Nichushkin,W,85,82,82,78,85,82,82,82,82,82,82,81,82,82,79,83,80,65,83,77,83,59,74
Bowen Byram,D,86,83,82,80,86,75,83,75,83,83,83,75,83,83,80,82,80,70,83,83,84,50,75
Devon Toews,D,86,82,79,82,86,76,82,76,81,83,83,77,83,83,78,79,84,70,86,83,86,49,84
Alex Newhook,C,87,85,80,78,87,80,82,81,82,83,81,80,81,81,72,78,80,65,79,70,78,75,80
Artturi Lehkonen,W,85,83,80,82,85,80,82,80,82,82,80,80,80,80,78,80,83,60,80,78,80,60,90
Erik Johnson,D,84,80,85,83,82,73,83,74,83,74,79,73,80,79,82,83,80,76,85,83,85,50,70
Evan Rodrigues,C,85,82,78,80,85,81,81,81,81,82,81,81,81,81,74,78,81,65,79,74,79,76,76
J.T. Compher,W,83,81,80,80,83,80,81,80,80,80,80,80,80,80,80,80,75,75,82,80,80,72,78
Andrew Cogliano,W,87,83,78,79,87,75,80,77,80,82,75,78,77,77,76,78,80,65,83,78,80,60,90
Anton Blidh,W,81,79,82,80,81,75,82,76,82,75,75,76,75,75,84,82,80,75,78,77,82,60,70
Brad Hunt,D,84,82,79,80,84,75,82,75,82,80,77,75,77,77,77,79,75,74,79,79,80,50,80
Josh Manson,D,81,78,83,83,82,71,81,70,81,73,76,72,76,76,83,83,79,80,82,84,85,49,64
Logan O'Connor,W,84,82,79,77,84,78,81,78,80,79,78,78,78,78,77,79,80,70,79,72,80,60,78
Darren Helm,W,85,83,78,80,85,75,80,75,80,80,75,76,75,75,77,77,74,70,80,80,82,66,85
Johnny Gaudreau,W,90,89,80,82,90,86,83,87,84,91,88,88,89,90,71,78,85,66,79,73,85,60,90
Patrik Laine,W,86,82,83,82,86,87,89,89,88,87,87,89,83,86,78,83,85,65,79,70,81,60,80
Jakub Voracek,W,86,84,83,82,85,80,84,81,84,85,84,82,86,84,78,83,80,75,80,75,82,60,82
Zach Werenski,D,86,81,81,84,85,80,83,82,83,75,82,75,82,82,81,82,79,77,84,83,84,49,74
Adam Boqvist,D,87,85,78,80,87,81,83,81,83,84,83,81,84,84,75,79,80,60,82,80,81,50,80
Boone Jenner,C,84,80,83,80,82,80,82,80,82,80,81,80,81,81,83,83,80,80,82,80,83,78,75
Jack Roslovic,C,85,83,80,80,85,82,82,82,82,83,82,82,82,82,80,80,80,75,80,75,81,76,85
Alexandre Texier,W,85,83,80,80,85,80,82,81,82,82,80,80,80,80,80,80,80,65,79,73,80,65,75
Gustav Nyquist,W,87,84,77,82,87,81,81,82,81,84,82,84,82,82,74,77,74,65,80,68,79,59,79
Jake Bean,D,86,84,78,80,86,79,83,79,82,83,83,79,83,83,75,78,80,65,80,80,82,53,80
Vladislav Gavrikov,D,83,80,84,80,83,72,83,74,83,75,80,73,81,80,83,84,80,80,82,83,83,50,72
Cole Sillinger,C,83,81,77,70,83,80,82,80,82,82,83,80,82,82,75,77,80,68,79,70,78,74,80
Eric Robinson,W,82,80,82,79,82,78,82,78,82,78,78,78,78,78,80,82,80,70,79,75,80,60,80
Sean Kuraly,C,82,80,82,78,82,77,82,76,82,78,77,77,77,77,82,82,80,75,79,79,82,77,70
Andrew Peeke,D,81,79,83,80,82,69,82,70,82,75,74,70,76,74,82,83,80,80,82,82,83,45,72
Yegor Chinakhov,W,85,82,80,73,85,80,83,80,83,81,78,80,78,78,75,79,80,65,75,70,76,65,80
Erik Gudbranson,D,77,75,85,82,77,67,83,67,83,69,73,69,75,73,85,85,80,80,80,85,83,50,65
Jason Robertson,W,83,81,82,79,82,86,86,87,85,86,86,87,85,85,79,82,79,75,82,74,82,61,79
Joe Pavelski,W,82,83,80,80,82,84,82,84,82,82,87,92,86,87,76,80,75,75,84,75,84,76,83
Miro Heiskanen,D,88,82,80,87,87,80,83,80,83,85,85,79,86,84,78,80,84,65,85,85,85,49,79
Roope Hintz,C,85,82,83,82,85,83,83,84,83,82,85,83,83,83,83,83,80,75,83,79,83,77,80
Tyler Seguin,C,88,84,81,81,88,82,87,82,87,83,84,82,83,83,77,81,74,65,81,74,81,78,77
Denis Gurianov,W,87,83,82,80,87,80,84,81,84,83,81,83,81,81,78,82,80,75,80,65,80,55,80
Esa Lindell,D,84,80,83,83,84,72,83,75,82,79,81,75,83,81,82,83,80,70,84,84,85,50,78
Jamie Benn,W,85,79,84,81,83,81,83,81,83,79,83,81,81,81,83,84,79,75,80,76,82,71,74
Mason Marchment,W,82,80,83,75,82,80,83,80,83,80,80,80,80,80,84,84,80,83,80,75,83,60,60
Colin Miller,D,85,83,80,80,85,76,82,78,82,83,80,78,82,82,78,80,78,70,80,80,82,50,75
Radek Faksa,C,81,79,83,80,82,77,83,78,82,79,79,79,79,79,82,83,80,70,80,79,83,75,75
Ryan Suter,D,85,81,83,85,83,73,84,74,83,75,80,73,80,80,82,83,80,75,85,84,83,50,79
Luke Glendening,C,85,80,80,80,85,76,81,76,80,76,77,76,76,76,80,80,82,75,82,82,82,85,79
Thomas Harley,D,84,80,81,78,84,74,83,74,82,77,76,74,79,79,75,82,80,75,77,79,80,45,78
Jani Hakanpaa,D,80,78,84,78,80,73,82,74,82,68,70,70,73,73,83,84,80,80,80,82,82,55,70
Joel Kiviranta,W,84,82,78,75,84,77,82,77,82,82,77,79,77,77,73,78,80,65,75,70,79,65,77
Dylan Larkin,C,91,88,80,86,91,81,83,81,83,86,87,84,86,86,79,81,82,70,85,82,85,79,75
David Perron,W,84,82,83,82,84,82,84,83,83,82,84,83,83,84,80,83,72,75,83,77,83,60,75
Moritz Seider,D,85,82,85,80,84,76,83,78,83,79,84,79,84,83,85,83,80,75,85,83,83,45,77
Tyler Bertuzzi,W,85,82,82,82,85,82,83,83,82,83,84,83,83,83,82,82,82,80,84,80,82,60,70
Andrew Copp,C,83,80,81,78,83,81,82,81,82,80,82,81,82,82,80,82,74,65,82,78,82,77,79
Filip Hronek,D,85,83,81,83,85,82,86,80,85,81,83,77,85,83,80,81,82,70,83,83,83,50,80
Jakub Vrana,W,87,84,79,79,87,82,82,83,81,84,83,83,83,83,72,79,79,65,81,76,79,59,79
Dominik Kubalik,W,83,80,81,79,83,80,82,80,82,81,80,80,80,80,79,81,79,75,79,72,81,54,79
Lucas Raymond,W,83,82,76,78,85,79,81,83,81,83,84,80,84,83,75,77,80,75,81,75,84,70,80
Oskar Sundqvist,C,81,79,83,80,81,78,82,78,82,78,78,78,78,78,81,83,81,75,80,78,82,75,75
Pius Suter,C,85,83,78,79,86,81,81,81,81,83,81,80,81,81,76,78,80,65,80,72,80,75,80
Robby Fabbri,W,87,84,77,79,87,81,82,82,81,84,83,82,83,82,71,77,69,65,79,69,80,66,84
Adam Erne,W,82,80,82,79,82,76,82,77,82,80,76,79,77,77,81,81,80,75,78,70,79,60,75
Ben Chiarot,D,80,77,85,83,80,70,82,70,82,70,74,70,75,75,85,85,80,85,81,84,84,50,62
Filip Zadina,W,87,82,78,79,87,79,82,80,82,82,81,79,80,80,69,79,79,65,77,69,78,59,79
Michael Rasmussen,W,85,78,82,77,87,77,83,77,81,79,76,78,77,77,79,82,75,75,75,69,79,68,71
Givani Smith,W,82,80,83,77,82,75,82,75,82,75,75,76,75,75,83,83,80,82,76,70,82,65,65
Gustav Lindstrom,D,83,81,82,80,83,69,82,70,82,75,75,70,77,76,80,82,80,70,80,82,81,45,75
Jake Walman,D,82,80,80,75,83,71,82,72,82,76,75,71,77,76,80,80,80,70,78,82,81,55,75
Jordan Oesterle,D,82,80,80,82,82,73,81,73,80,75,73,73,75,75,80,80,80,70,78,82,81,50,80
Mark Pysyk,D,84,82,80,80,85,70,80,71,80,77,75,70,76,75,80,80,78,65,81,82,82,50,80
Olli Maatta,D,82,79,82,82,82,70,82,70,82,75,73,70,77,75,82,82,75,70,81,82,82,50,80
Connor McDavid,C,94,93,83,84,94,89,85,92,86,92,93,93,93,93,79,81,80,65,82,76,88,82,65
Leon Draisaitl,C,85,83,87,83,85,89,87,90,87,88,91,89,89,90,80,87,80,70,82,76,88,81,75
Evander Kane,W,86,83,83,83,86,82,83,82,82,82,84,82,81,82,84,83,81,84,79,74,81,69,69
Darnell Nurse,D,84,81,84,82,84,77,82,77,82,77,81,77,81,81,84,82,79,80,83,83,83,49,69
Oscar Klefbom,D,84,82,83,83,84,75,83,75,83,80,81,77,82,81,82,83,70,65,83,85,85,55,82
Ryan Nugent-Hopkins,C,87,84,79,82,86,82,80,82,81,84,85,81,83,82,76,79,82,67,83,74,82,77,81
Tyson Barrie,D,87,87,79,84,87,79,84,78,83,83,84,78,86,85,76,79,81,75,78,81,79,49,76
Zach Hyman,W,82,79,83,82,82,81,82,81,82,79,84,81,80,81,82,83,80,70,82,79,83,70,77
Evan Bouchard,D,83,81,80,79,83,82,85,81,85,79,84,76,82,82,78,80,79,70,79,81,80,49,79
Jesse Puljujarvi,W,85,81,81,79,85,79,83,80,82,82,80,80,80,81,79,81,72,65,78,71,81,59,77
Kailer Yamamoto,W,88,87,78,78,87,82,82,82,81,86,83,82,83,83,70,78,80,60,80,70,80,60,80
Warren Foegele,W,82,80,82,79,82,79,82,79,82,78,78,79,78,78,82,83,80,80,79,75,82,60,75
Brett Kulak,D,84,82,80,82,84,72,82,72,82,78,76,72,76,76,80,80,80,70,80,82,81,50,75
Cody Ceci,D,82,79,82,86,82,70,83,73,82,73,77,73,79,77,79,82,79,70,81,81,81,49,79
Derek Ryan,C,82,80,80,79,82,77,81,78,81,80,77,77,77,77,79,80,84,75,80,75,79,81,75
Mattias Janmark,W,85,82,79,80,85,77,81,78,81,81,77,79,77,77,76,79,83,65,79,72,79,64,82
Ryan McLeod,C,87,82,80,75,87,77,81,77,81,80,77,78,77,77,80,80,80,70,79,77,79,74,78
Ryan Murray,D,84,82,82,83,84,72,82,73,82,77,77,73,78,77,80,82,70,70,82,82,82,50,80
Aleksander Barkov,C,86,81,85,82,85,84,85,85,84,85,87,85,87,87,81,84,81,75,88,83,88,81,84
Matthew Tkachuk,W,85,82,87,83,85,86,87,87,85,84,87,87,86,86,86,86,84,80,85,80,86,60,65
Aaron Ekblad,D,85,81,82,84,84,78,84,79,84,79,84,78,84,84,81,83,79,75,86,85,87,49,74
Anthony Duclair,W,90,85,78,77,89,82,82,82,82,83,83,82,82,81,74,79,83,68,81,69,80,59,76
Carter Verhaeghe,C,85,83,81,80,84,82,82,82,82,81,84,82,82,81,80,81,80,75,82,76,83,76,75
Patric Hornqvist,W,82,81,83,80,83,80,83,80,82,80,80,80,80,80,82,83,77,70,80,78,83,60,75
Sam Bennett,C,84,82,80,80,84,81,82,81,82,82,83,80,81,81,83,80,80,70,81,80,83,76,70
Sam Reinhart,C,84,82,79,81,83,83,81,83,81,84,85,83,85,84,74,79,79,65,85,74,82,77,89
Anton Lundell,C,83,80,78,70,83,77,78,80,80,81,83,80,81,81,73,78,80,74,84,75,86,75,80
Brandon Montour,D,84,82,81,83,84,75,82,75,82,79,82,75,82,82,80,81,80,73,82,82,82,50,78
Colin White,W,84,82,80,80,84,80,82,80,82,82,80,80,80,80,78,80,80,70,80,75,80,65,77
Gustav Forsling,D,86,84,79,80,85,75,83,76,82,83,82,76,83,83,78,79,80,65,81,79,82,50,85
Chris Tierney,C,84,82,81,82,84,76,80,77,80,80,76,78,77,76,81,81,84,70,79,75,81,74,79
Eetu Luostarinen,C,83,80,83,77,83,76,83,77,83,77,76,78,76,76,80,83,77,65,77,76,81,74,75
Nick Cousins,C,84,82,78,79,84,78,81,79,81,82,80,78,80,80,76,78,85,65,78,73,80,74,84
Marc Staal,D,80,77,82,82,80,72,82,73,82,73,73,70,74,74,82,82,75,75,81,82,82,50,77
Radko Gudas,D,78,76,83,80,78,68,82,68,82,71,71,69,71,71,85,83,80,80,81,83,83,50,55
Anze Kopitar,C,84,81,85,85,83,84,86,84,85,84,86,84,85,85,83,86,80,70,87,81,87,84,80
Drew Doughty,D,86,83,82,84,86,78,86,79,84,82,85,77,85,86,79,82,79,75,86,84,84,49,74
Adrian Kempe,C,85,82,81,79,85,81,81,83,81,81,83,81,82,82,79,81,83,75,81,75,81,77,74
Alex Iafallo,W,84,82,80,80,84,82,82,82,82,82,83,81,83,83,80,80,80,70,82,75,81,65,80
Kevin Fiala,W,87,84,79,80,87,81,82,83,81,84,85,83,84,84,77,79,79,65,81,74,81,59,78
Phillip Danault,C,84,81,81,82,84,79,81,79,81,80,80,79,81,81,81,81,79,75,84,79,84,80,77
Viktor Arvidsson,W,87,85,79,80,87,83,83,83,83,83,82,83,82,82,75,79,70,65,81,75,80,60,79
Arthur Kaliyev,W,82,80,83,75,82,82,85,82,84,82,80,82,80,80,75,83,80,70,77,68,80,60,75
Mikey Anderson,D,84,82,81,80,84,75,80,78,82,79,79,79,81,80,81,81,80,75,83,82,84,55,75
Quinton Byfield,C,82,80,83,78,82,78,83,79,83,80,81,80,79,79,80,83,80,75,84,70,80,75,77
Sean Durzi,D,84,82,80,78,84,75,82,75,82,82,80,75,82,80,80,80,80,70,80,80,82,55,75
Sean Walker,D,84,82,81,82,84,74,82,75,82,80,80,76,80,80,80,81,80,70,82,80,82,50,75
Trevor Moore,W,86,84,78,78,86,80,81,80,81,83,82,80,82,82,73,78,80,65,80,71,80,62,82
Alexander Edler,D,81,79,83,80,81,70,83,72,82,73,75,72,75,75,80,83,70,80,83,83,83,50,78
Blake Lizotte,C,85,83,75,79,85,79,81,79,80,83,81,79,81,81,72,78,85,70,81,67,79,74,77
Brendan Lemieux,W,81,79,82,77,81,75,82,77,82,78,76,78,76,76,83,83,85,80,78,79,82,60,55
Carl Grundstrom,W,82,80,82,80,82,78,82,78,82,78,77,78,78,78,82,82,80,70,78,75,81,65,75
Gabe Vilardi,C,82,81,83,80,82,77,83,78,83,79,75,78,78,79,81,83,75,70,75,75,80,74,80
Kirill Kaprizov,W,90,88,82,82,90,88,85,87,85,90,90,89,89,89,75,83,82,68,82,72,87,60,80
Jared Spurgeon,D,87,84,77,87,87,76,81,76,81,84,82,76,84,84,79,77,82,70,84,82,85,49,89
Joel Eriksson Ek,C,84,81,82,79,85,80,82,80,82,81,82,80,81,81,80,82,77,68,85,79,83,77,78
Jonas Brodin,D,85,82,82,85,85,72,82,74,82,80,81,74,82,80,78,82,83,70,86,85,86,50,90
Mats Zuccarello,W,89,85,77,83,89,81,82,82,82,84,85,82,84,84,69,78,69,65,81,74,82,59,84
Matt Dumba,D,85,81,82,82,84,74,84,74,83,79,83,74,82,83,84,82,74,65,84,82,82,49,69
Ryan Hartman,C,84,81,81,80,84,81,82,81,82,81,81,81,81,81,82,81,80,75,81,78,81,76,60
Jordan Greenway,W,82,79,84,79,82,78,83,78,82,78,77,78,78,78,84,84,84,80,79,74,82,61,69
Marcus Foligno,W,81,78,84,79,81,79,81,79,81,77,79,79,78,78,84,84,79,84,80,78,83,59,64
Alex Goligoski,D,82,80,79,80,82,75,83,75,82,78,82,74,82,82,79,79,75,75,80,80,82,50,80
Frederick Gaudreau,C,84,81,77,75,84,80,80,80,80,81,81,80,81,81,74,77,84,65,79,71,80,75,84
Sam Steel,C,84,83,78,80,83,79,81,79,81,82,81,78,81,81,77,78,85,65,78,75,81,74,82
Tyson Jost,C,83,81,80,80,83,79,80,79,80,80,78,80,80,80,80,80,82,70,78,80,82,74,78
Brandon Duhaime,W,82,80,80,78,82,78,82,78,82,78,78,78,78,78,80,80,80,75,75,72,80,55,70
Dmitry Kulikov,D,82,80,80,82,82,69,82,72,81,72,77,70,76,76,80,80,75,75,82,81,83,50,80
Jacob Middleton,D,81,79,83,78,81,70,82,70,82,70,76,66,75,74,83,83,80,80,80,82,83,50,65
Jon Merrill,D,80,78,82,80,80,71,81,72,80,70,77,70,76,76,80,82,83,75,81,81,81,55,75
Marco Rossi,C,83,81,80,70,83,78,80,78,80,80,74,78,77,78,77,80,75,65,74,75,78,73,80
Nic Petan,W,85,83,75,75,85,78,81,78,80,82,77,78,78,78,69,78,85,63,77,70,78,73,80
Nick Suzuki,C,88,86,78,80,87,82,83,83,82,87,87,83,87,86,73,78,80,65,85,70,81,77,80
Christian Dvorak,C,84,81,82,80,84,80,82,81,82,81,82,81,81,81,80,82,78,75,81,78,82,78,80
Josh Anderson,W,82,80,85,82,82,81,83,81,83,80,79,81,80,80,85,85,80,80,79,77,83,60,60
Sean Monahan,C,83,81,83,83,83,81,83,81,82,83,82,82,84,83,80,83,80,70,79,79,82,76,80
Brendan Gallagher,W,82,81,81,80,83,78,81,80,81,80,79,79,80,80,81,80,74,75,80,79,81,61,78
Cole Caufield,W,89,86,74,77,88,82,82,85,85,88,84,83,83,83,69,74,79,60,79,67,78,54,84
Evgenii Dadonov,W,85,82,79,82,85,80,82,80,82,84,80,80,80,80,77,79,84,65,79,77,80,59,84
Jonathan Drouin,W,89,87,77,81,88,82,82,81,81,84,81,82,81,82,71,77,83,60,78,66,78,64,84
Kirby Dach,C,84,81,82,78,84,80,82,80,81,81,81,80,80,80,78,82,79,70,79,71,81,76,79
Michael Matheson,D,84,82,82,82,84,73,82,75,82,77,80,73,80,80,82,82,80,75,82,82,82,55,70
Mike Hoffman,W,84,82,80,80,84,82,83,85,85,82,82,81,80,80,79,80,80,65,79,77,82,65,80
Chris Wideman,D,84,82,79,78,85,75,83,75,82,82,80,78,80,80,78,79,78,70,80,82,80,50,75
David Savard,D,82,80,83,85,82,70,82,71,81,73,78,72,79,79,82,83,85,77,83,84,83,50,70
Jake Evans,C,85,83,80,78,85,79,82,79,82,82,80,78,79,79,79,79,80,65,79,72,80,74,75
Joel Armia,W,84,81,82,79,84,76,81,77,81,80,75,79,76,76,78,82,74,67,78,72,79,59,79
Joel Edmundson,D,80,78,84,83,81,71,82,71,82,70,75,70,77,75,85,85,78,80,82,83,84,50,70
Roman Josi,D,87,83,86,89,86,82,88,81,87,81,89,82,88,88,83,88,85,70,88,86,90,51,81
Filip Forsberg,W,86,83,82,81,85,83,83,86,84,86,87,86,86,85,78,82,74,70,82,74,83,64,78
Matt Duchene,C,90,88,79,83,90,83,82,83,82,83,83,83,83,83,77,80,81,75,81,74,81,78,84
Ryan Johansen,C,84,82,84,83,85,82,85,82,84,82,83,82,83,83,80,85,80,65,82,75,82,80,75
Mikael Granlund,C,86,84,80,80,86,80,80,80,80,84,84,80,85,84,78,80,80,65,83,75,83,76,82
Nino Niederreiter,W,85,83,83,82,85,81,83,81,83,82,81,82,81,81,75,83,83,65,80,75,82,60,80
Ryan McDonagh,D,86,83,83,83,86,74,83,75,83,78,80,75,80,80,82,83,80,75,85,83,83,50,75
Alexandre Carrier,D,86,84,78,80,86,75,84,77,83,84,81,78,82,82,77,78,80,60,80,82,80,50,80
Colton Sissons,W,82,80,82,80,82,78,82,78,82,78,78,78,78,78,82,82,80,75,80,81,82,77,70
Dante Fabbro,D,86,83,78,81,86,74,82,76,82,83,81,76,81,81,77,79,79,70,81,81,81,49,79
Eeli Tolvanen,W,82,84,80,80,82,82,84,82,84,84,81,82,82,82,72,80,80,65,79,70,80,60,85
Mattias Ekholm,D,82,77,83,87,82,73,82,73,81,70,81,72,80,80,82,83,83,80,84,83,83,49,84
Philip Tomasino,W,84,82,78,70,84,80,82,81,82,82,81,81,81,81,78,78,80,65,80,72,80,65,85
Tanner Jeannot,W,82,80,83,77,82,80,82,80,82,78,79,80,79,79,85,83,80,85,80,78,82,60,70
Yakov Trenin,C,82,80,82,79,82,79,82,80,82,80,79,80,79,79,82,82,80,70,80,75,79,80,78
Cody Glass,C,84,81,81,80,84,79,82,79,82,79,77,79,79,79,75,81,80,75,75,75,79,74,75
Mark Borowiecki,D,79,77,83,81,79,65,82,66,82,69,70,67,72,72,85,83,71,85,80,82,82,50,60
Dougie Hamilton,D,86,82,82,84,85,81,86,82,84,80,86,79,87,87,79,82,79,67,84,81,84,49,76
Jack Hughes,C,91,88,77,81,90,86,83,86,86,89,88,86,88,88,74,77,81,65,82,73,84,79,81
Nico Hischier,C,87,85,80,82,87,83,82,83,82,85,84,83,84,84,79,80,78,65,85,70,83,77,85
Damon Severson,D,84,82,82,82,84,75,83,75,82,75,83,74,82,82,82,82,80,75,80,83,83,50,77
Jesper Bratt,W,88,83,79,79,87,83,81,82,81,84,86,82,85,84,74,79,79,65,81,74,81,59,84
Ondrej Palat,W,87,85,78,81,87,81,83,82,82,85,84,82,83,82,76,78,74,65,83,75,82,60,77
Yegor Sharangovich,C,84,82,82,80,84,80,83,81,82,82,80,82,81,81,80,82,80,75,81,72,82,76,80
Andreas Johnsson,W,85,83,80,80,85,80,82,80,82,83,81,80,81,81,79,80,80,65,80,74,81,60,75
Dawson Mercer,W,84,82,77,77,84,82,80,82,82,83,82,82,82,82,77,78,80,68,81,70,82,60,78
Erik Haula,C,87,83,78,82,87,81,83,81,82,83,82,81,82,82,73,80,75,65,79,72,78,76,80
John Marino,D,84,82,80,82,84,75,82,76,82,79,81,74,81,81,78,80,80,75,81,82,82,52,85
Miles Wood,W,84,79,81,79,84,77,81,78,81,79,78,79,78,78,82,81,74,75,79,77,81,59,64
Tomas Tatar,W,86,83,80,81,86,79,82,79,82,82,81,80,81,80,79,80,84,70,79,75,79,65,80
Jesper Boqvist,C,84,82,79,78,84,78,82,80,82,81,79,79,79,79,75,80,80,65,78,72,78,74,79
Michael McLeod,C,87,80,79,80,87,78,82,78,82,81,78,78,78,77,80,79,80,70,79,75,79,75,70
Nathan Bastian,W,82,80,82,79,82,76,83,76,82,75,75,76,75,75,83,83,78,80,77,72,80,60,65
Ryan Graves,D,82,78,84,77,82,71,82,71,81,74,77,71,78,77,82,84,74,77,81,83,82,49,74
Jonas Siegenthaler,D,80,78,83,80,81,69,82,71,82,70,75,70,74,74,83,82,80,80,80,83,82,50,65
Brendan Smith,D,79,77,82,80,80,69,82,70,82,70,72,70,74,74,82,82,80,75,79,82,80,50,65
Mathew Barzal,C,90,85,79,83,91,84,82,85,83,88,86,87,89,89,75,80,85,65,82,72,81,78,80
Adam Pelech,D,83,81,84,85,83,72,83,73,82,72,78,75,80,80,83,84,80,78,87,86,87,50,75
Anders Lee,W,82,79,84,81,82,81,84,81,84,79,81,84,79,80,83,84,79,80,81,77,82,72,69
Brock Nelson,C,84,81,82,81,84,80,82,81,82,82,81,82,81,81,81,82,84,80,80,74,81,77,69
Noah Dobson,D,86,82,83,82,86,75,83,75,83,78,85,75,83,83,82,83,80,75,84,83,83,50,75
Ryan Pulock,D,83,79,82,84,83,80,85,78,85,76,81,77,81,81,82,82,79,75,85,84,86,49,84
Alexander Romanov,D,84,82,83,83,84,71,83,72,82,79,79,73,79,80,82,84,80,69,82,83,84,50,75
Anthony Beauvillier,W,84,81,80,80,84,80,81,82,80,81,80,80,80,80,80,80,80,70,82,78,82,60,75
Jean-Gabriel Pageau,C,88,83,78,80,87,80,82,80,82,83,81,80,80,80,75,78,80,65,82,75,81,80,80
Josh Bailey,W,84,82,81,80,84,80,82,80,82,83,82,80,81,80,78,81,80,70,81,75,82,74,85
Kyle Palmieri,W,84,82,80,82,85,85,83,80,82,80,80,80,80,80,80,80,80,70,80,77,82,60,78
Oliver Wahlstrom,W,84,82,80,80,84,81,83,81,83,83,81,82,81,81,78,80,80,65,79,70,77,60,77
Cal Clutterbuck,W,82,80,82,80,82,76,81,76,81,78,75,77,75,75,85,82,80,80,78,78,80,60,70
Casey Cizikas,C,84,81,78,79,84,76,80,76,80,79,77,77,76,76,79,79,77,70,82,81,82,75,84
Kieffer Bellows,C,83,80,81,79,83,78,82,78,82,79,77,78,77,77,82,82,80,75,76,70,80,74,70
Matt Martin,W,82,78,84,78,82,75,82,75,82,75,73,75,75,75,88,84,77,87,77,77,79,60,60
Scott Mayfield,D,79,77,85,82,79,71,82,71,82,72,75,72,77,75,84,85,80,83,81,83,83,50,70
Adam Fox,D,88,90,82,83,88,82,85,82,85,89,89,83,89,92,79,82,81,70,85,84,88,51,81
Artemi Panarin,W,89,88,80,84,90,89,84,89,86,91,89,90,90,90,73,79,83,65,82,75,89,60,80
Chris Kreider,W,84,80,86,82,86,83,85,84,85,83,87,84,81,83,84,86,80,80,81,77,84,70,75
Mika Zibanejad,C,88,85,82,85,87,86,86,84,84,85,87,85,86,85,80,83,84,75,83,78,86,78,83
Jacob Trouba,D,82,80,85,83,83,74,83,75,82,73,80,74,80,80,87,84,80,70,84,84,83,50,70
Vincent Trocheck,C,85,82,79,81,85,82,81,82,81,84,82,82,82,82,78,79,74,65,82,77,82,81,78
Alexis Lafreniere,W,84,81,80,79,84,80,82,81,81,82,82,81,81,81,77,79,79,70,78,71,81,54,69
Barclay Goodrow,W,82,79,84,80,82,78,82,78,82,78,79,77,78,78,84,84,80,78,81,81,84,70,65
Filip Chytil,C,86,84,82,80,86,79,82,79,82,82,80,79,80,80,75,82,80,70,79,75,79,75,78
K'Andre Miller,D,84,82,83,82,84,73,83,74,83,75,80,74,80,80,83,83,80,75,82,83,83,50,80
Kaapo Kakko,W,84,82,82,80,84,79,82,80,82,81,80,79,80,80,82,81,80,70,78,74,81,60,65
Vitali Kravtsov,W,83,81,83,80,83,80,83,80,83,80,76,80,79,80,80,83,80,75,76,75,78,65,75
Ryan Reaves,W,81,78,87,77,81,76,82,76,82,75,75,75,75,75,87,87,85,94,75,78,83,65,55
Sammy Blais,W,82,80,82,79,80,78,82,78,82,78,77,78,77,77,82,82,80,75,79,75,82,60,79
Libor Hajek,D,81,78,81,80,82,69,82,71,82,75,73,72,75,75,75,81,80,75,78,82,81,50,75
Alex DeBrincat,W,89,87,77,82,89,87,83,89,84,88,86,88,87,88,70,80,85,67,81,74,85,60,90
Brady Tkachuk,W,84,81,84,79,84,81,82,82,82,81,85,82,82,82,84,84,79,80,82,76,85,64,64
Claude Giroux,C,87,85,79,85,87,85,82,85,81,87,86,86,86,85,77,79,85,70,83,75,83,85,80
Drake Batherson,C,83,81,83,80,85,84,84,84,83,84,85,84,84,84,80,83,80,70,82,75,83,77,75
Thomas Chabot,D,85,82,82,85,85,78,85,79,84,79,85,78,85,85,80,82,80,70,82,83,84,50,79
Josh Norris,C,84,81,81,80,84,81,81,82,81,81,82,81,82,82,79,81,79,70,82,74,81,77,74
Tim Stützle,C,89,84,79,79,87,82,81,83,81,84,87,81,82,82,76,79,79,65,80,69,81,77,69
Alex Formenton,W,85,81,81,69,86,79,82,79,81,79,79,79,79,79,79,81,79,70,79,70,79,64,74
Erik Brannstrom,D,88,85,78,78,88,76,83,77,82,85,82,77,83,83,75,78,80,65,81,80,79,55,85
Mathieu Joseph,W,87,82,80,79,86,79,82,81,82,81,80,80,80,80,80,80,80,70,80,78,81,65,80
Artem Zub,D,82,80,82,82,82,73,82,74,82,72,77,71,78,78,82,82,80,80,80,82,83,50,75
Nikita Zaitsev,D,82,80,82,85,83,72,82,72,81,75,76,72,77,77,80,82,83,70,80,82,82,50,78
Shane Pinto,C,84,80,82,80,84,76,82,77,82,78,77,78,77,76,82,82,80,75,76,75,80,74,72
Tyler Motte,W,84,82,80,79,84,76,82,76,81,80,75,77,76,76,82,80,80,68,78,79,79,65,77
Austin Watson,W,82,80,83,80,82,75,82,76,82,76,75,76,75,75,83,83,84,75,75,78,80,60,60
Travis Hamonic,D,80,78,82,80,80,70,82,70,82,72,74,70,75,74,82,82,80,80,82,82,82,50,70
Sean Couturier,C,85,81,83,85,85,82,83,83,82,82,84,83,85,84,81,83,83,70,87,82,83,83,77
Anthony DeAngelo,D,88,85,81,79,88,80,84,80,83,84,85,81,86,86,78,80,79,67,79,80,81,54,74
Cam Atkinson,W,87,85,78,80,87,81,82,82,82,85,83,83,83,83,75,78,80,65,82,76,82,62,85
Ivan Provorov,D,85,81,81,88,84,77,82,78,82,80,83,77,82,82,79,81,84,75,83,82,83,49,77
James Van Riemsdyk,W,83,81,83,80,83,81,85,83,84,80,83,82,81,82,78,82,70,67,80,70,81,60,78
Joel Farabee,W,84,82,80,80,84,82,82,83,82,83,83,82,83,82,80,80,80,75,82,75,82,60,75
Kevin Hayes,C,84,81,84,82,84,80,82,80,81,81,80,81,80,80,81,84,79,80,80,76,81,77,81
Ryan Ellis,D,85,82,80,87,85,76,82,77,82,82,84,77,83,83,79,82,81,70,83,83,83,49,79
Travis Sanheim,D,84,82,83,83,84,75,83,75,82,78,82,75,83,83,82,83,80,75,83,82,84,50,77
Cam York,D,86,84,79,75,86,76,83,76,82,83,80,78,81,81,75,79,80,65,80,79,82,50,82
Owen Tippett,W,85,82,83,79,85,81,84,81,84,81,80,81,79,80,79,83,80,70,77,70,80,60,80
Rasmus Ristolainen,D,83,82,85,83,83,72,84,74,83,78,79,73,80,79,83,85,80,80,80,83,82,50,75
Scott Laughton,C,81,79,82,81,81,79,82,79,82,78,80,79,79,79,82,82,85,78,82,80,83,75,70
Travis Konecny,W,85,82,78,79,85,81,80,81,80,84,83,81,81,81,78,78,83,65,81,77,82,64,74
Justin Braun,D,81,79,82,80,81,73,81,74,80,76,78,75,76,76,80,82,75,70,81,82,83,50,80
Morgan Frost,C,86,84,78,78,86,79,82,79,82,82,80,79,80,80,70,77,80,67,77,65,79,74,85
Nicolas Deslauriers,W,80,78,83,77,80,75,82,75,82,71,75,75,76,76,85,85,82,92,78,81,83,60,60
Kevin Connauton,D,81,79,80,80,82,70,82,70,82,75,71,70,73,72,80,80,80,70,77,79,81,50,75
Sidney Crosby,C,88,88,88,83,88,86,86,86,85,88,89,87,88,88,81,85,80,75,88,81,89,83,80
Evgeni Malkin,C,85,83,86,83,86,85,87,85,87,88,88,85,88,88,83,87,78,70,82,77,83,79,70
Jake Guentzel,W,86,83,80,83,86,84,82,85,82,83,86,86,85,85,77,79,84,65,83,79,84,64,77
Kris Letang,D,86,83,79,84,86,76,84,77,83,79,86,78,87,87,81,79,74,75,83,82,85,49,74
Bryan Rust,W,85,83,80,81,85,82,82,82,81,81,84,82,82,83,78,79,79,70,82,77,83,59,81
Rickard Rakell,W,86,83,82,82,86,81,81,81,81,82,82,81,81,81,79,81,77,65,81,76,79,61,84
Danton Heinen,C,84,82,80,80,84,80,81,80,81,80,80,80,80,80,79,80,84,75,80,77,79,75,75
Jason Zucker,W,85,82,79,81,85,80,81,80,81,82,80,80,80,80,77,79,83,70,79,75,79,59,79
Jeff Carter,C,84,80,81,78,84,78,84,78,84,79,79,79,79,79,79,82,74,75,79,73,79,76,74
Jeff Petry,D,84,82,83,83,84,73,83,73,82,75,80,73,80,80,82,82,80,75,83,83,83,50,78
Kasperi Kapanen,W,90,84,79,79,90,78,81,78,80,81,79,78,79,79,77,79,79,67,78,77,80,59,84
Teddy Blueger,C,84,82,80,78,84,79,82,79,82,80,80,80,80,80,79,80,85,70,80,73,80,75,75
Ty Smith,D,85,83,80,80,85,75,82,76,82,80,83,75,83,83,80,80,80,67,82,82,82,50,80
Brian Dumoulin,D,82,80,82,83,82,71,82,72,82,74,78,71,79,78,82,82,82,75,83,83,83,50,80
Brock McGinn,W,83,81,80,80,83,77,81,79,80,79,78,79,78,78,81,80,80,75,78,77,79,62,75
Jan Rutta,D,81,79,82,82,81,73,82,73,82,75,77,77,78,77,82,82,83,70,81,82,82,50,75
Marcus Pettersson,D,82,80,82,82,82,72,82,72,82,74,78,73,78,78,80,82,85,70,82,82,82,50,75
Ryan Poehling,C,82,80,82,78,82,78,82,78,82,78,78,78,77,77,81,82,85,75,78,77,80,74,75
Chad Ruhwedel,D,83,81,80,83,83,71,82,72,81,77,75,72,76,76,79,80,75,65,79,80,80,50,80
Erik Karlsson,D,87,86,80,82,88,81,83,81,83,86,91,81,89,87,76,80,69,65,81,79,84,49,79
Logan Couture,C,86,84,80,83,86,82,82,83,82,85,85,84,84,84,77,80,84,70,84,77,82,77,82
Timo Meier,W,84,81,82,81,84,82,83,84,82,81,84,83,83,83,82,82,82,75,82,77,84,59,69
Tomas Hertl,C,85,83,83,82,85,82,83,84,82,84,84,82,84,84,79,83,81,65,82,70,81,78,76
Alexander Barabanov,W,85,82,80,76,85,79,81,80,81,82,81,80,81,81,74,80,79,67,80,71,80,64,74
Kevin Labanc,W,85,83,80,79,85,80,82,80,81,80,81,80,80,80,78,80,80,70,80,77,80,60,78
Luke Kunin,C,84,82,80,80,82,80,82,80,82,80,80,80,80,80,80,80,82,72,80,77,80,75,75
Oskar Lindblom,W,83,81,82,79,83,79,82,79,82,80,80,79,79,79,81,82,85,70,81,79,82,60,85
Evgeny Svechnikov,W,81,80,82,78,81,78,84,79,84,81,79,79,79,79,80,82,80,70,77,70,79,55,75
Mario Ferraro,D,84,82,80,80,84,72,82,74,82,78,75,72,80,78,80,80,80,70,81,82,82,50,78
Matt Nieto,W,84,82,79,78,85,78,81,78,81,80,78,78,79,79,75,79,78,70,78,75,79,55,80
Nick Bonino,C,84,81,79,80,85,78,81,77,81,79,77,77,77,77,77,79,82,75,79,78,81,75,82
Nico Sturm,C,82,80,83,80,81,78,83,78,82,78,77,78,78,78,78,83,80,70,78,70,80,74,78
Noah Gregor,C,84,81,78,77,84,78,81,78,81,79,79,78,78,78,78,79,79,70,78,74,78,75,79
Marc-Edouard Vlasic,D,85,82,80,82,85,72,81,72,81,74,76,72,78,76,80,80,80,75,85,82,83,50,80
Markus Nutivaara,D,82,80,82,80,82,70,82,71,82,72,76,70,76,76,81,82,80,70,82,82,82,50,80
Matt Benning,D,81,79,82,80,81,70,81,70,80,70,75,70,75,75,82,82,80,75,80,81,81,50,74
Ryan Merkley,D,87,85,75,78,87,77,82,78,82,83,76,78,79,80,70,75,80,65,71,78,77,55,75
Jaden Schwartz,W,87,84,80,83,86,82,84,82,83,83,82,82,82,83,75,80,76,65,81,79,82,66,79
Jared McCann,C,87,82,80,80,87,82,85,82,85,82,83,82,80,82,78,80,80,68,81,75,80,76,78
Jordan Eberle,W,85,86,79,82,82,82,85,84,82,88,84,85,84,84,75,79,83,65,80,72,80,60,81
Oliver Bjorkstrand,W,88,86,79,78,88,82,83,82,83,86,84,82,84,84,75,79,85,65,82,73,80,60,90
Yanni Gourde,C,87,83,81,82,87,81,83,82,83,83,83,82,82,82,81,81,85,65,84,78,83,76,75
Adam Larsson,D,83,80,83,86,83,73,82,75,82,75,79,73,80,78,83,83,84,70,83,85,84,50,70
Alexander Wennberg,C,86,83,81,80,86,81,81,81,81,80,81,81,81,81,76,80,80,65,81,75,81,75,90
Andre Burakovsky,W,86,82,79,78,86,80,81,81,81,82,82,81,82,82,74,79,82,68,80,69,80,59,84
Brandon Tanev,W,84,81,82,80,84,78,82,78,82,78,78,78,78,78,85,82,80,75,81,80,82,60,75
Vince Dunn,D,85,83,81,82,85,75,82,77,82,82,83,76,82,82,81,81,83,70,84,82,81,50,75
Carson Soucy,D,80,78,84,82,80,72,83,73,83,70,76,70,78,76,84,84,80,80,80,83,83,50,65
Jamie Oleksiak,D,80,78,88,82,80,70,84,72,84,70,75,65,75,75,86,88,80,85,81,84,84,50,80
Joonas Donskoi,W,85,82,80,80,85,77,82,77,81,80,77,79,77,77,80,80,78,70,79,79,80,62,85
Justin Schultz,D,84,81,80,83,85,74,82,74,82,82,79,78,79,79,76,80,64,65,79,79,79,49,84
Morgan Geekie,C,81,79,83,78,82,77,82,79,82,79,78,79,78,78,80,83,80,70,78,77,80,74,75
Ryan Donato,W,84,82,79,80,84,79,82,79,82,81,79,80,79,79,77,79,78,70,79,75,80,65,80
Daniel Sprong,W,84,82,80,78,84,78,82,78,82,81,78,79,79,79,70,80,85,65,77,70,77,60,82
Ryan O'Reilly,C,82,80,83,84,82,81,82,82,83,83,83,83,84,83,81,83,84,75,87,83,87,88,89
Vladimir Tarasenko,W,87,84,83,81,87,84,86,85,84,85,86,84,85,84,78,83,69,65,81,74,82,54,82
Brayden Schenn,C,83,82,83,83,83,84,83,83,83,83,84,83,84,84,82,83,80,80,82,78,84,77,75
Jordan Kyrou,W,88,86,79,79,88,83,82,83,82,88,87,84,88,87,72,79,80,65,83,72,82,65,85
Pavel Buchnevich,W,87,85,80,80,85,84,83,85,83,85,86,85,87,86,76,80,80,65,81,73,84,60,75
Robert Thomas,W,86,84,80,80,85,83,82,84,82,85,85,84,85,85,79,81,82,70,84,80,85,70,80
Colton Parayko,D,82,80,83,85,82,75,88,75,85,73,80,73,81,80,83,83,80,80,85,84,84,50,77
Ivan Barbashev,C,84,82,81,80,84,82,82,82,82,81,84,81,81,83,80,81,80,65,82,75,82,76,82
Justin Faulk,D,86,83,80,85,85,77,84,77,83,80,83,78,84,84,79,80,83,75,81,79,82,49,79
Torey Krug,D,88,82,79,84,87,77,84,79,82,84,84,79,84,83,79,79,79,65,83,81,82,49,77
Brandon Saad,W,85,82,80,79,85,80,82,80,82,81,80,81,79,79,78,80,79,70,79,75,80,61,79
Nick Leddy,D,84,82,81,82,85,73,82,74,83,83,80,75,80,80,80,81,80,65,81,82,82,50,90
Logan Brown,C,80,79,85,78,81,75,82,76,81,76,75,76,77,76,83,85,80,80,75,69,81,74,70
Marco Scandella,D,81,79,83,82,82,70,82,72,82,70,75,70,77,75,83,83,75,77,81,83,83,50,75
Noel Acciari,W,82,80,82,80,81,75,82,76,81,75,77,75,76,75,80,82,80,67,79,79,82,73,82
Robert Bortuzzo,D,80,77,83,82,79,65,82,67,82,69,71,67,74,74,84,83,75,83,80,83,83,50,65
Victor Hedman,D,85,83,90,86,85,78,88,78,87,78,87,80,87,88,86,89,78,75,88,87,91,51,71
Nikita Kucherov,W,90,89,80,82,89,89,86,90,86,91,91,90,90,90,75,81,75,65,80,79,84,60,79
Steven Stamkos,C,89,88,83,82,89,90,90,88,88,88,89,85,88,88,78,83,70,77,82,75,83,81,79
Brayden Point,C,91,90,79,82,90,86,83,87,83,87,89,84,87,86,74,79,83,65,83,79,85,79,84
Alex Killorn,W,83,81,81,79,84,80,81,82,81,80,83,81,82,81,82,81,84,75,83,74,81,64,74
Mikhail Sergachev,D,84,80,84,85,82,75,85,75,86,76,83,75,82,82,84,84,80,78,84,83,84,50,72
Anthony Cirelli,C,86,81,79,79,86,79,81,79,81,79,81,80,80,79,79,80,84,70,86,79,83,76,74
Brandon Hagel,W,86,82,76,77,86,81,82,81,81,86,84,83,84,83,75,76,79,65,82,74,82,61,79
Corey Perry,W,79,77,84,81,79,81,83,80,82,78,80,80,80,80,84,84,67,85,79,75,83,60,65
Erik Cernak,D,81,78,85,83,81,70,84,71,83,73,75,72,77,76,85,85,80,75,85,85,87,50,72
Nick Paul,C,82,79,84,77,81,77,81,78,81,81,80,78,77,77,83,84,79,77,80,74,82,76,74
Patrick Maroon,W,80,78,85,77,80,78,84,78,83,78,77,79,78,79,85,85,75,80,77,73,85,55,65
Ross Colton,C,84,81,82,75,83,79,82,79,82,79,80,79,79,79,82,82,80,75,80,79,82,75,75
Vladislav Namestnikov,W,85,85,80,81,85,78,82,79,82,81,79,80,80,80,76,80,83,60,79,75,79,66,80
Cal Foote,D,80,80,83,81,82,72,83,73,83,75,76,73,77,77,80,83,80,75,79,82,82,55,75
Haydn Fleury,D,82,80,82,79,82,72,82,72,82,75,77,74,77,77,80,82,78,70,80,82,81,50,78
Ian Cole,D,81,79,83,85,82,71,83,73,82,70,77,70,75,75,83,83,80,75,82,82,84,50,65
Pierre-Edouard Bellemare,W,83,81,80,79,83,76,81,77,81,78,76,76,76,76,80,80,80,65,80,81,83,80,80
Zach Bogosian,D,79,77,85,80,80,67,82,68,82,70,72,70,74,73,82,85,71,80,80,80,82,50,65
Auston Matthews,C,88,85,85,83,87,91,89,92,89,87,91,90,88,90,80,85,80,65,84,76,89,82,85
Mitchell Marner,W,90,89,85,83,88,88,84,89,84,90,89,89,92,91,74,82,81,65,84,75,86,56,81
Morgan Rielly,D,89,86,82,85,89,80,83,80,83,86,86,82,86,86,80,82,80,70,84,83,86,50,85
John Tavares,C,83,82,84,83,84,84,86,84,85,84,86,84,84,85,78,82,84,70,84,78,84,82,79
William Nylander,W,89,87,80,82,89,83,82,83,82,87,88,84,87,87,75,80,80,65,81,70,82,65,85
Alexander Kerfoot,C,85,83,77,80,85,80,82,80,82,82,81,81,82,81,75,79,80,65,81,77,82,75,80
Jake Muzzin,D,84,82,82,86,85,73,82,74,83,75,80,73,80,80,82,82,83,80,84,84,83,50,77
Mark Giordano,D,82,80,82,83,82,73,82,74,82,75,82,73,80,80,82,83,75,80,81,83,84,52,75
Michael Bunting,W,84,81,79,77,84,80,81,80,81,81,81,80,80,80,79,79,79,70,80,74,79,61,76
Rasmus Sandin,D,85,82,80,80,85,75,82,76,82,81,80,76,80,80,80,80,80,70,80,82,81,55,78
T.J. Brodie,D,85,81,79,81,85,74,81,74,81,79,81,74,80,80,79,80,79,70,84,82,84,49,77
Timothy Liljegren,D,85,83,80,80,85,75,82,77,82,82,82,77,82,82,80,80,80,65,80,80,80,55,78
Calle Jarnkrok,W,86,83,78,80,86,79,80,79,80,82,79,80,79,79,74,78,81,65,78,69,79,72,82
Justin Holl,D,84,81,82,80,84,71,82,73,82,70,75,70,77,77,80,82,85,80,81,83,83,50,65
Wayne Simmonds,W,82,79,83,81,82,76,83,77,82,76,75,76,75,75,84,84,84,80,76,79,81,60,65
Kyle Clifford,W,80,78,83,77,80,73,82,74,82,73,70,73,73,74,85,85,78,90,73,79,80,60,60
Jordie Benn,D,78,75,82,80,78,65,81,67,81,70,67,70,72,72,82,82,75,77,77,81,80,50,78
J.T. Miller,W,84,81,84,79,85,84,85,84,84,81,87,84,85,84,83,84,81,75,83,79,82,79,74
Quinn Hughes,D,90,90,80,81,90,82,82,83,81,88,88,86,88,88,75,78,79,73,83,79,84,49,82
Bo Horvat,C,84,82,83,84,84,82,83,83,82,82,82,82,83,83,83,83,83,75,83,80,85,87,80
Brock Boeser,W,86,84,82,83,86,85,85,86,86,83,85,85,83,83,79,82,77,67,81,75,82,65,80
Elias Pettersson,C,87,84,79,81,86,84,84,85,84,86,88,84,85,85,74,79,79,65,83,74,82,78,77
Conor Garland,W,87,84,77,79,87,82,80,82,80,85,83,83,82,84,77,77,79,75,81,69,81,59,79
Oliver Ekman-Larsson,D,85,83,81,85,85,75,85,75,85,80,81,75,81,81,80,82,80,65,81,80,83,50,80
Ilya Mikheyev,W,84,81,81,77,84,79,81,79,81,79,80,79,79,79,79,81,79,75,80,71,83,54,78
Jason Dickinson,C,82,80,82,79,82,78,82,78,82,80,79,78,79,79,80,82,78,70,79,72,82,75,77
Nils Hoglander,W,85,85,81,80,85,79,82,80,82,80,79,80,79,79,80,81,80,70,79,72,81,61,80
Tanner Pearson,W,84,81,80,80,85,80,82,80,82,81,80,81,80,80,80,81,80,75,80,75,81,60,80
Tyler Myers,D,84,80,86,83,84,70,86,71,85,72,76,72,77,76,83,85,83,80,80,83,84,50,72
Vasily Podkolzin,W,84,81,83,79,84,78,83,79,83,79,78,79,78,78,83,83,79,80,76,74,82,59,71
Luke Schenn,D,80,78,85,80,81,69,83,70,82,69,73,69,76,74,85,85,85,80,81,82,83,50,65
Travis Dermott,D,85,82,80,82,85,73,82,73,82,80,79,75,81,79,80,80,80,70,80,80,81,50,75
Jack Eichel,C,88,87,82,84,89,84,85,87,85,87,87,87,87,87,80,82,80,75,81,77,84,79,77
Mark Stone,W,82,81,83,83,82,84,86,84,85,82,86,84,84,84,82,83,82,75,87,78,86,61,79
Alex Pietrangelo,D,84,81,82,84,84,76,84,77,84,77,84,74,84,84,81,84,79,75,86,84,84,49,77
Shea Theodore,D,86,80,82,85,86,77,85,79,85,81,86,78,86,85,80,82,84,70,85,82,84,50,80
Chandler Stephenson,C,84,81,80,79,84,81,81,82,82,81,83,82,82,82,79,80,79,70,82,77,82,77,81
Jonathan Marchessault,W,87,83,76,79,86,82,82,85,84,86,84,82,84,84,74,77,83,65,82,77,82,68,77
Reilly Smith,W,85,83,80,83,85,83,83,83,83,82,83,82,82,82,78,80,80,65,81,75,81,60,83
William Karlsson,C,86,84,80,82,85,82,83,82,83,83,82,82,81,81,77,80,80,65,81,79,82,76,85
Alec Martinez,D,83,81,82,86,84,71,83,72,82,75,81,73,81,80,82,82,74,75,83,83,83,50,78
Nicolas Roy,C,82,79,82,77,82,79,82,79,81,79,79,79,79,79,80,82,79,75,79,78,81,76,74
Phil Kessel,W,86,81,80,80,86,81,81,87,88,81,84,82,84,83,70,80,90,65,78,65,81,60,85
Brayden McNabb,D,81,79,83,82,82,72,83,72,82,73,75,72,75,75,83,83,80,80,84,83,83,50,70
Brett Howden,C,82,80,83,80,82,77,82,78,82,78,76,78,76,76,83,82,80,75,77,80,80,74,75
Keegan Kolesar,W,81,78,84,77,81,76,81,76,81,75,76,76,76,76,82,84,79,87,77,69,82,64,59
Nicolas Hague,D,82,80,83,80,82,73,85,73,83,72,77,72,78,77,82,83,80,75,84,83,83,49,75
Nolan Patrick,C,82,80,80,80,82,79,81,79,81,79,78,79,78,78,75,82,65,72,77,75,81,74,77
William Carrier,W,83,80,82,78,83,76,82,76,82,76,76,76,76,76,82,82,75,75,77,77,81,60,75
Mike Amadio,C,82,80,81,78,82,77,81,77,81,77,73,77,76,77,80,81,80,75,73,74,78,73,80
Zach Whitecloud,D,82,80,82,82,82,70,82,70,82,73,75,71,75,75,82,82,80,75,82,82,82,50,77
Alex Ovechkin,W,86,82,89,84,86,92,92,90,90,84,89,89,85,88,87,89,81,80,80,79,85,61,76
John Carlson,D,85,82,83,85,85,81,88,80,88,80,87,81,89,88,82,83,80,76,84,85,86,50,80
Evgeny Kuznetsov,C,90,87,80,82,90,83,83,83,82,86,86,84,86,86,72,79,81,65,80,69,82,78,79
Nicklas Backstrom,C,87,85,81,83,87,80,80,80,80,85,86,81,89,85,75,80,80,65,83,78,85,77,81
Tom Wilson,W,84,79,86,82,83,82,82,82,82,79,82,82,82,82,86,87,82,87,80,75,83,59,59
Anthony Mantha,W,84,82,84,82,84,81,84,81,84,81,81,81,81,81,79,84,76,70,79,74,82,61,69
Dylan Strome,C,84,82,83,81,84,82,82,82,83,83,82,82,83,83,78,83,85,70,79,75,82,76,79
T.J. Oshie,W,87,85,80,83,87,82,82,82,82,85,83,82,82,82,80,80,78,75,80,77,82,69,78
Connor Brown,W,84,81,79,79,84,80,81,80,81,80,81,80,81,81,79,79,84,65,81,79,81,61,89
Conor Sheary,W,85,84,78,80,85,81,82,81,82,83,82,81,82,82,76,78,80,65,80,75,80,60,80
Dmitry Orlov,D,84,81,81,86,85,74,82,74,82,81,81,74,82,80,81,81,84,65,81,81,81,49,79
Lars Eller,C,83,80,81,79,83,79,81,79,81,79,79,79,79,79,79,81,79,70,80,78,81,76,77
Marcus Johansson,C,85,83,80,80,84,78,82,78,82,82,80,78,80,80,77,80,70,65,80,77,81,75,90
Carl Hagelin,W,89,82,79,81,88,77,81,77,80,82,75,77,77,77,77,80,75,70,80,77,80,60,82
Connor McMichael,C,84,83,79,75,85,80,82,81,82,81,79,81,80,80,75,77,80,68,76,70,79,74,79
Erik Gustafsson,D,82,81,80,86,82,79,83,79,82,80,82,78,81,81,79,80,84,70,79,78,81,50,80
Garnet Hathaway,W,81,79,83,78,81,77,82,77,82,77,78,77,78,77,85,83,80,85,78,79,83,60,65
Johan Larsson,C,82,80,82,80,82,78,81,78,81,78,75,78,77,78,80,82,80,65,77,73,80,74,80
Martin Fehervary,D,82,80,82,80,82,70,82,70,82,75,78,66,78,77,80,82,80,80,82,82,83,55,75
Nic Dowd,C,83,80,81,77,82,76,81,76,81,76,76,76,76,76,79,81,79,75,79,79,81,78,77
Nick Jensen,D,83,80,80,80,83,72,82,73,81,75,78,72,77,77,80,80,75,70,81,82,82,50,70
Kyle Connor,W,88,87,82,83,87,88,86,89,86,88,88,89,87,88,78,82,81,70,85,78,85,66,81
Mark Scheifele,C,88,84,82,84,87,84,85,87,84,86,86,84,86,86,79,81,82,70,81,76,82,79,81
Blake Wheeler,W,83,79,83,82,83,79,84,80,83,83,84,79,88,83,80,84,80,75,82,77,83,63,73
Pierre-Luc Dubois,C,85,81,84,81,85,81,83,81,83,79,81,81,82,82,84,84,79,75,81,78,84,78,69
Josh Morrissey,D,87,82,79,86,86,76,84,78,83,79,84,76,84,83,81,79,73,75,83,82,84,49,74
Neal Pionk,D,87,83,79,82,86,78,82,79,82,83,83,74,83,82,79,79,79,70,82,79,83,49,79
Nikolaj Ehlers,W,90,86,78,81,89,82,82,84,82,87,84,84,84,85,72,78,74,63,81,73,81,59,82
Adam Lowry,C,82,78,83,79,82,77,81,77,81,77,77,77,77,77,83,83,80,75,82,79,83,76,69
Nate Schmidt,D,84,82,80,80,85,74,82,76,82,80,82,75,83,83,80,80,80,65,81,80,84,50,80
Sam Gagner,C,82,82,80,80,82,78,82,79,81,83,79,79,81,81,78,80,80,75,80,75,80,75,79
Brenden Dillon,D,81,78,84,84,81,70,82,70,82,70,75,70,77,75,84,84,85,82,82,83,83,50,62
Mason Appleton,C,82,80,82,80,83,78,83,78,82,78,77,77,77,77,78,83,80,70,77,74,80,74,80
Cole Perfetti,C,82,82,79,76,82,80,82,80,82,84,78,80,79,79,70,78,80,70,76,72,80,73,82
Jaromir Jagr,W,86,81,83,87,87,83,85,84,84,87,89,87,88,88,80,87,77,75,82,78,85,67,77
Bob Gainey,W,85,83,83,81,85,76,79,78,79,78,81,78,83,83,80,81,76,86,87,83,86,77,67
Theoren Fleury,W,91,85,74,86,88,72,84,76,85,83,87,78,82,82,80,77,56,85,82,79,80,62,79
Bernie Nicholls,C,83,79,76,77,83,83,80,84,80,76,85,78,81,81,76,78,77,80,80,77,81,76,72
Bill Guerin,W,82,77,79,77,82,78,81,78,81,74,83,75,82,82,78,80,77,83,83,80,82,67,70
Charlie Conacher,W,83,77,82,77,83,80,82,80,82,75,84,78,80,80,79,79,72,82,83,80,82,68,57
Dave Keon,C,83,80,77,77,83,78,81,78,81,78,82,78,85,85,79,81,76,84,82,82,82,82,70
Keith Primeau,C,79,74,84,77,81,77,81,77,81,72,82,77,77,78,84,85,52,90,82,85,82,80,72
Keith Tkachuk,W,84,79,82,78,85,79,81,80,81,79,80,81,80,81,81,82,77,75,78,77,83,73,72
Lanny McDonald,W,84,80,81,78,84,80,80,81,81,79,81,79,80,80,78,82,77,75,79,77,79,73,72
Michel Goulet,W,84,79,79,77,84,80,82,80,82,77,84,78,81,80,79,80,57,75,81,79,84,67,66
Pierre Turgeon,C,84,80,78,77,84,80,79,83,80,77,83,78,84,84,74,79,82,75,81,74,84,77,87
Serge Savard,D,80,73,86,82,80,76,80,76,80,77,85,64,77,82,83,81,79,86,89,88,84,37,63
Sergei Zubov,D,86,81,79,72,86,77,80,77,80,79,84,78,86,85,72,78,77,75,84,75,83,52,83
Trevor Linden,C,82,77,78,81,82,79,80,80,79,80,80,80,81,83,80,80,62,77,79,90,82,76,89
Al Iafrate,D,80,77,81,77,80,78,87,78,87,74,79,78,80,80,82,81,62,78,78,81,80,57,71
Alex Tanguay,W,84,78,78,75,84,78,79,78,79,80,81,82,84,84,74,78,67,70,81,76,82,67,78
Bob Nystrom,W,85,79,77,76,85,81,81,81,80,80,82,80,81,81,77,78,77,70,79,75,78,52,77
Brent Sutter,C,83,78,76,78,84,77,79,77,79,77,81,77,81,81,77,79,57,80,80,80,84,76,52
Brian Bellows,W,82,76,79,75,82,80,78,80,78,75,84,78,79,79,78,79,57,80,80,78,80,68,62
Joe Mullen,W,84,78,77,77,84,83,81,84,81,74,85,76,79,79,77,77,72,79,82,77,82,67,67
Ken Daneyko,D,83,77,77,81,83,69,77,71,77,77,74,72,79,77,84,81,77,75,82,82,84,47,77
Mike Green,D,85,80,78,83,85,80,84,80,82,82,87,77,85,80,77,78,62,75,81,78,80,47,72
Milan Hejduk,W,85,83,78,75,84,82,81,83,82,82,83,82,83,81,69,78,82,70,80,74,80,67,81
Olli Jokinen,C,82,76,79,76,83,77,80,77,80,78,81,76,80,80,76,81,77,70,79,76,81,77,72
Randy Carlyle,D,82,77,82,82,82,67,81,72,80,70,79,70,79,79,81,82,80,85,82,82,82,47,72
Saku Koivu,C,82,78,80,80,83,77,80,77,80,78,80,78,79,79,76,80,72,75,80,77,81,79,72
Scott Hartnell,W,83,76,80,77,83,78,81,78,81,76,82,78,78,78,80,81,77,75,80,77,82,57,57
Scott Mellanby,W,82,77,82,76,82,77,81,79,80,77,77,79,79,79,79,82,77,80,76,72,79,68,72
Steve Sullivan,W,88,78,78,76,88,80,81,82,80,84,82,82,82,84,76,76,77,70,74,71,79,62,79
Todd Bertuzzi,W,80,75,83,67,81,77,81,78,81,72,82,79,77,79,84,85,72,85,78,74,83,57,67
Vincent Damphousse,C,83,78,80,81,83,78,80,78,80,77,84,78,80,81,75,79,77,75,82,78,83,74,72
Alexander Steen,W,83,76,78,77,83,76,78,76,79,77,80,80,80,80,75,79,74,70,80,72,78,70,79
Brian Campbell,D,83,80,77,82,83,75,78,75,78,77,84,77,84,80,75,78,77,70,79,80,81,47,82
Bryan McCabe,D,80,76,81,79,80,72,82,72,82,71,80,70,78,78,79,81,72,75,81,80,79,43,59
Daniel Briere,C,87,80,76,72,87,80,78,77,78,81,84,78,79,79,73,77,71,75,79,79,82,77,77
Gary Roberts,W,80,75,84,77,80,74,78,74,78,71,83,72,78,77,79,80,85,84,83,81,82,70,62
Greg Adams,W,80,77,80,77,80,75,77,75,77,72,78,77,76,76,80,82,77,82,81,74,78,62,72
Kris Draper,C,84,79,77,77,84,73,77,74,77,75,76,77,78,84,75,76,77,75,84,78,84,77,72
Michael Peca,C,84,78,76,70,84,73,77,73,77,71,77,74,76,76,79,79,62,81,85,85,85,75,64
Michal Handzus,C,79,72,82,72,79,74,80,74,78,70,78,76,79,79,80,80,67,78,80,80,81,77,75
Mike Fisher,C,83,78,79,72,83,76,79,76,79,75,79,77,77,77,79,79,72,75,81,77,81,77,70
Rob Ramage,D,80,74,83,76,80,71,80,71,80,69,77,72,75,74,85,83,64,92,81,82,81,42,77
Sami Salo,D,79,75,80,77,80,77,84,80,82,71,80,71,78,78,75,79,47,75,80,81,80,47,82
Tim Horton,D,82,77,80,78,82,79,82,78,81,69,74,72,74,74,81,80,57,84,82,84,84,57,68
Wade Redden,D,81,76,82,77,81,70,81,71,80,70,79,70,77,78,80,81,77,80,83,82,81,52,82
Willie O'Ree,W,85,80,77,76,85,81,81,81,80,77,79,77,77,77,77,78,77,70,78,75,78,52,77
Alexandre Burrows,W,83,80,78,74,83,77,78,74,77,75,78,77,76,77,78,78,72,78,80,78,81,62,67
Barret Jackman,D,79,74,82,77,79,70,78,69,78,67,74,70,74,74,82,82,72,85,83,83,83,47,57
Bob Probert,W,80,72,85,70,82,68,79,68,79,67,77,72,71,72,86,87,78,96,78,79,80,57,82
Brad Boyes,W,81,78,76,72,81,78,79,78,79,77,74,77,77,77,76,77,82,75,76,77,79,52,77
Brian Engblom,D,81,75,80,76,81,71,80,71,80,69,77,72,76,74,77,78,72,81,82,77,81,42,67
Brian McGrattan,W,79,72,85,72,79,71,78,71,78,62,75,65,72,74,83,85,76,93,78,74,81,57,72
Chris Phillips,D,77,72,82,77,78,71,78,71,78,69,76,71,74,74,81,82,57,75,81,80,81,47,72
Curtis Glencross,W,84,76,79,75,84,77,79,77,79,76,76,76,76,76,78,79,76,80,77,76,77,57,75
Dainius Zubrus,W,81,76,80,72,81,75,79,75,78,75,77,75,77,77,77,80,73,75,77,78,79,52,75
Darcy Tucker,W,82,76,79,74,83,73,78,73,78,72,78,74,75,76,80,80,57,82,80,78,80,59,57
Dave Schultz,W,80,77,81,77,81,74,80,74,78,76,76,75,76,76,81,81,74,87,77,80,78,62,57
Dennis Hextall,W,82,76,72,75,82,72,80,77,79,79,80,72,79,78,76,76,62,75,80,81,80,57,86
Francois Beauchemin,D,83,74,78,77,83,72,79,72,78,71,74,74,77,77,78,78,72,80,82,79,81,47,72
Jamie Langenbrunner,W,82,78,78,67,84,74,77,74,76,75,80,75,77,77,75,77,72,70,81,78,79,57,73
Kyle Brodziak,C,81,76,80,77,82,74,78,74,77,74,74,74,74,74,79,80,80,75,76,78,78,73,72
Mike Knuble,W,79,74,80,67,79,76,80,76,78,70,81,74,76,76,78,83,67,75,80,78,80,66,71
Nik Antropov,C,81,76,81,72,81,74,80,75,78,74,75,74,75,75,76,81,75,75,76,72,79,72,76
R.J. Umberger,C,80,77,80,77,81,74,80,74,78,76,76,75,76,76,79,80,74,75,77,78,78,72,77
Robyn Regehr,D,77,71,82,77,78,69,79,69,78,64,74,64,75,75,80,82,76,85,81,83,83,47,70
Ron Ellis,W,82,80,77,75,82,74,77,73,77,75,80,76,77,78,76,78,62,78,80,77,78,64,42
Ruslan Fedotenko,W,79,73,79,67,80,72,78,72,78,76,81,75,77,77,77,80,75,75,79,79,81,52,79